Index	Energy	(keV)	Flux	(ph/cm^2/s/keV)
DP	100.0	0.0006858381526600841
DP	101.0	0.0006709877919200544
DP	102.0	0.0006566005815536513
DP	103.0	0.0006426577461229179
DP	104.0	0.0006291414435226271
DP	105.0	0.0006160347101859806
DP	106.0	0.0006033214099909635
DP	107.0	0.000590986186585352
DP	108.0	0.0005790144188722671
DP	109.0	0.0005673921794198294
DP	110.0	0.0005561061955781337
DP	111.0	0.0005451438131046364
DP	112.0	0.0005344929621152945
DP	113.0	0.0005241421251935899
DP	114.0	0.0005140803075030456
DP	115.0	0.0005042970087611286
DP	116.0	0.0004947821969436435
DP	117.0	0.0004855262835989644
DP	118.0	0.00047652010066080545
DP	119.0	0.0004677548786567958
DP	120.0	0.0004592222262179601
DP	121.0	0.0004509141108013837
DP	122.0	0.000442822840544925
DP	123.0	0.00043494104717887696
DP	124.0	0.00042726166992502264
DP	125.0	0.00041977794031862557
DP	126.0	0.0004124833678935788
DP	127.0	0.00040537172667524674
DP	128.0	0.0003984370424295017
DP	129.0	0.0003916735806201105
DP	130.0	0.0003850758350300011
DP	131.0	0.0003786385170050423
DP	132.0	0.00037235654528184405
DP	133.0	0.0003662250363637349
DP	134.0	0.0003602392954115209
DP	135.0	0.00035439480761789965
DP	136.0	0.00034868723003649666
DP	137.0	0.0003431123838384326
DP	138.0	0.0003376662469711301
DP	139.0	0.00033234494719573167
DP	140.0	0.0003271447554810517
DP	141.0	0.00032206207973341374
DP	142.0	0.00031709345884306154
DP	143.0	0.00031223555702906595
DP	144.0	0.0003074851584658027
DP	145.0	0.0003028391621751423
DP	146.0	0.000298294577169492
DP	147.0	0.0002938485178317529
DP	148.0	0.0002894981995191202
DP	149.0	0.00028524093437845707
DP	150.0	0.0002810741273617229
DP	151.0	0.00027699527243063587
DP	152.0	0.0002730019489404009
DP	153.0	0.0002690918181929445
DP	154.0	0.0002652626201506661
DP	155.0	0.00026151217030224706
DP	156.0	0.00025783835667255513
DP	157.0	0.000254239136969148
DP	158.0	0.0002507125358583135
DP	159.0	0.00024725664236399046
DP	160.0	0.0002438696073832979
DP	161.0	0.0002405496413127542
DP	162.0	0.00023729501177960558
DP	163.0	0.0002341040414729946
DP	164.0	0.00023097510606999626
DP	165.0	0.00022790663225182316
DP	166.0	0.00022489709580576246
DP	167.0	0.0002219450198086505
DP	168.0	0.00021904897288791835
DP	169.0	0.0002162075675564597
DP	170.0	0.00021341945861777105
DP	171.0	0.00021068334163800787
DP	172.0	0.00020799795148177685
DP	173.0	0.0002053620609086536
DP	174.0	0.0002027744792275751
DP	175.0	0.0002002340510064027
DP	176.0	0.00019773965483409577
DP	177.0	0.00019529020213306577
DP	178.0	0.00019288463601940716
DP	179.0	0.00019052193020881988
DP	180.0	0.00018820108796614786
DP	181.0	0.00018592114109656534
DP	182.0	0.00018368114897653946
DP	183.0	0.00018148019762279416
DP	184.0	0.00017931739879758596
DP	185.0	0.00017719188914868832
DP	186.0	0.00017510282938255908
DP	187.0	0.0001730494034692407
DP	188.0	0.00017103081787761312
DP	189.0	0.0001690463008396876
DP	190.0	0.00016709510164269082
DP	191.0	0.0001651764899477515
DP	192.0	0.00016328975513405525
DP	193.0	0.00016143420566739036
DP	194.0	0.00015960916849205604
DP	195.0	0.0001578139884451541
DP	196.0	0.0001560480276923298
DP	197.0	0.00015431066518407314
DP	198.0	0.00015260129613173004
DP	199.0	0.00015091933150241507
DP	200.0	0.00014926419753205235
DP	201.0	0.0001476353352558074
DP	202.0	0.00014603220005520646
DP	203.0	0.00014445426122127066
DP	204.0	0.00014290100153302343
DP	205.0	0.0001413719168507583
DP	206.0	0.00013986651572348095
DP	207.0	0.00013838431900996533
DP	208.0	0.00013692485951288992
DP	209.0	0.00013548768162554054
DP	210.0	0.00013407234099059248
DP	211.0	0.0001326784041705021
DP	212.0	0.00013130544832906126
DP	213.0	0.00012995306092368562
DP	214.0	0.0001286208394080266
DP	215.0	0.00012730839094451463
DP	216.0	0.0001260153321264575
DP	217.0	0.0001247412887093339
DP	218.0	0.000123485895350937
DP	219.0	0.0001222487953600379
DP	220.0	0.00012102964045325221
DP	221.0	0.0001198280905198058
DP	222.0	0.00011864381339390953
DP	223.0	0.00011747648463446305
DP	224.0	0.00011632578731182085
DP	225.0	0.0001151914118013633
DP	226.0	0.00011407305558362679
DP	227.0	0.00011297042305075656
DP	228.0	0.00011188322531905526
DP	229.0	0.00011081118004740989
DP	230.0	0.0001097540112613877
DP	231.0	0.00010871144918280072
DP	232.0	0.00010768323006454565
DP	233.0	0.0001066690960305346
DP	234.0	0.00010566879492053805
DP	235.0	0.00010468208013976951
DP	236.0	0.00010370871051304749
DP	237.0	0.00010274845014337654
DP	238.0	0.00010180106827479594
DP	239.0	0.00010086633915934946
DP	240.0	9.994404192803632e-05
DP	241.0	9.903396046560764e-05
DP	242.0	9.813588328907886e-05
DP	243.0	9.724960342983292e-05
DP	244.0	9.637491831919354e-05
DP	245.0	9.55116296773533e-05
DP	246.0	9.465954340554436e-05
DP	247.0	9.381846948134493e-05
DP	248.0	9.298822185701778e-05
DP	249.0	9.216861836078119e-05
DP	250.0	9.135948060091656e-05
DP	251.0	9.056063387262007e-05
DP	252.0	8.977190706750932e-05
DP	253.0	8.899313258569933e-05
DP	254.0	8.822414625036463e-05
DP	255.0	8.746478722470838e-05
DP	256.0	8.671489793126108e-05
DP	257.0	8.597432397343484e-05
DP	258.0	8.524291405926177e-05
DP	259.0	8.452051992724749e-05
DP	260.0	8.380699627427321e-05
DP	261.0	8.31022006854819e-05
DP	262.0	8.240599356608715e-05
DP	263.0	8.17182380750444e-05
DP	264.0	8.103880006052702e-05
DP	265.0	8.036754799715155e-05
DP	266.0	7.970435292489823e-05
DP	267.0	7.904908838967501e-05
DP	268.0	7.840163038547457e-05
DP	269.0	7.776185729807631e-05
DP	270.0	7.712964985024602e-05
DP	271.0	7.650489104838855e-05
DP	272.0	7.588746613060934e-05
DP	273.0	7.527726251614263e-05
DP	274.0	7.467416975610587e-05
DP	275.0	7.407807948554056e-05
DP	276.0	7.348888537670135e-05
DP	277.0	7.290648309355688e-05
DP	278.0	7.23307702474662e-05
DP	279.0	7.176164635399683e-05
DP	280.0	7.119901279085058e-05
DP	281.0	7.064277275686533e-05
DP	282.0	7.009283123206113e-05
DP	283.0	6.954909493870091e-05
DP	284.0	6.901147230333588e-05
DP	285.0	6.847987341980829e-05
DP	286.0	6.795421001318312e-05
DP	287.0	6.743439540458304e-05
DP	288.0	6.692034447690062e-05
DP	289.0	6.641197364136283e-05
DP	290.0	6.590920080492409e-05
DP	291.0	6.541194533846444e-05
DP	292.0	6.49201280457701e-05
DP	293.0	6.443367113327485e-05
DP	294.0	6.39524981805409e-05
DP	295.0	6.347653411145872e-05
DP	296.0	6.300570516614595e-05
DP	297.0	6.253993887352633e-05
DP	298.0	6.207916402456963e-05
DP	299.0	6.16233106461748e-05
DP	300.0	6.117230997567859e-05
DP	301.0	6.072609443597277e-05
DP	302.0	6.0284597611213344e-05
DP	303.0	5.9847754223105904e-05
DP	304.0	5.941550010775142e-05
DP	305.0	5.898777219303768e-05
DP	306.0	5.8564508476561505e-05
DP	307.0	5.814564800406789e-05
DP	308.0	5.773113084839205e-05
DP	309.0	5.732089808889121e-05
DP	310.0	5.691489179135328e-05
DP	311.0	5.651305498836961e-05
DP	312.0	5.611533166015995e-05
DP	313.0	5.5721666715837545e-05
DP	314.0	5.533200597510306e-05
DP	315.0	5.494629615035612e-05
DP	316.0	5.456448482921363e-05
DP	317.0	5.4186520457424424e-05
DP	318.0	5.381235232217005e-05
DP	319.0	5.344193053574167e-05
DP	320.0	5.3075206019583645e-05
DP	321.0	5.271213048869427e-05
DP	322.0	5.235265643637469e-05
DP	323.0	5.199673711931715e-05
DP	324.0	5.1644326543024e-05
DP	325.0	5.1295379447549115e-05
DP	326.0	5.094985129355366e-05
DP	327.0	5.0607698248668315e-05
DP	328.0	5.026887717415431e-05
DP	329.0	4.9933345611855884e-05
DP	330.0	4.960106177143681e-05
DP	331.0	4.927198451789414e-05
DP	332.0	4.8946073359342223e-05
DP	333.0	4.862328843506033e-05
DP	334.0	4.830359050379752e-05
DP	335.0	4.79869409323284e-05
DP	336.0	4.7673301684253685e-05
DP	337.0	4.736263530903955e-05
DP	338.0	4.7054904931290194e-05
DP	339.0	4.675007424024762e-05
DP	340.0	4.64481074795136e-05
DP	341.0	4.614896943698813e-05
DP	342.0	4.585262543501938e-05
DP	343.0	4.555904132076004e-05
DP	344.0	4.526818345672518e-05
DP	345.0	4.498001871154677e-05
DP	346.0	4.4694514450920336e-05
DP	347.0	4.441163852873904e-05
DP	348.0	4.413135927841093e-05
DP	349.0	4.385364550435506e-05
DP	350.0	4.357846647367217e-05
DP	351.0	4.330579190798592e-05
DP	352.0	4.3035591975450806e-05
DP	353.0	4.276783728292272e-05
DP	354.0	4.2502498868288585e-05
DP	355.0	4.223954819295115e-05
DP	356.0	4.1978957134465696e-05
DP	357.0	4.1720697979324817e-05
DP	358.0	4.146474341588824e-05
DP	359.0	4.1211066527454046e-05
DP	360.0	4.095964078546835e-05
DP	361.0	4.071044004287015e-05
DP	362.0	4.046343852756828e-05
DP	363.0	4.0218610836047596e-05
DP	364.0	3.997593192710142e-05
DP	365.0	3.9735377115687377e-05
DP	366.0	3.949692206690385e-05
DP	367.0	3.9260542790084594e-05
DP	368.0	3.902621563300854e-05
DP	369.0	3.8793917276222426e-05
DP	370.0	3.856362472747374e-05
DP	371.0	3.83353153162516e-05
DP	372.0	3.810896668843298e-05
DP	373.0	3.788455680103222e-05
DP	374.0	3.766206391705143e-05
DP	375.0	3.7441466600429595e-05
DP	376.0	3.722274371108823e-05
DP	377.0	3.700587440007155e-05
DP	378.0	3.679083810477901e-05
DP	379.0	3.6577614544288334e-05
DP	380.0	3.63661837147669e-05
DP	381.0	3.615652588496987e-05
DP	382.0	3.594862159182291e-05
DP	383.0	3.574245163608784e-05
DP	384.0	3.553799707810949e-05
DP	385.0	3.533523923364189e-05
DP	386.0	3.5134159669752246e-05
DP	387.0	3.493474020080101e-05
DP	388.0	3.473696288449634e-05
DP	389.0	3.4540810018021616e-05
DP	390.0	3.4346264134234226e-05
DP	391.0	3.415330799793426e-05
DP	392.0	3.396192460220172e-05
DP	393.0	3.377209716480058e-05
DP	394.0	3.3583809124648616e-05
DP	395.0	3.339704413835136e-05
DP	396.0	3.3211786076799055e-05
DP	397.0	3.302801902182521e-05
DP	398.0	3.284572726292548e-05
DP	399.0	3.266489529403575e-05
DP	400.0	3.248550781036803e-05
DP	401.0	3.2307549705303094e-05
DP	402.0	3.213100606733881e-05
DP	403.0	3.1955862177092715e-05
DP	404.0	3.178210350435807e-05
DP	405.0	3.160971570521214e-05
DP	406.0	3.1438684619175654e-05
DP	407.0	3.126899626642249e-05
DP	408.0	3.110063684503846e-05
DP	409.0	3.093359272832834e-05
DP	410.0	3.0767850462170115e-05
DP	411.0	3.0603396762415455e-05
DP	412.0	3.0440218512335626e-05
DP	413.0	3.0278302760111795e-05
DP	414.0	3.0117636716368967e-05
DP	415.0	2.995820775175262e-05
DP	416.0	2.980000339454724e-05
DP	417.0	2.964301132833589e-05
DP	418.0	2.948721938970006e-05
DP	419.0	2.9332615565958967e-05
DP	420.0	2.9179187992947577e-05
DP	421.0	2.9026924952832537e-05
DP	422.0	2.8875814871965352e-05
DP	423.0	2.8725846318772052e-05
DP	424.0	2.85770080016786e-05
DP	425.0	2.8429288767071454e-05
DP	426.0	2.8282677597292513e-05
DP	427.0	2.813716360866783e-05
DP	428.0	2.7992736049569465e-05
DP	429.0	2.784938429850977e-05
DP	430.0	2.7707097862267597e-05
DP	431.0	2.7565866374045718e-05
DP	432.0	2.7425679591658937e-05
DP	433.0	2.7286527395752296e-05
DP	434.0	2.7148399788048768e-05
DP	435.0	2.701128688962594e-05
DP	436.0	2.6875178939221106e-05
DP	437.0	2.6740066291564253e-05
DP	438.0	2.66059394157384e-05
DP	439.0	2.6472788893566802e-05
DP	440.0	2.6340605418026514e-05
DP	441.0	2.6209379791687807e-05
DP	442.0	2.607910292517897e-05
DP	443.0	2.5949765835676053e-05
DP	444.0	2.5821359645417043e-05
DP	445.0	2.5693875580240045e-05
DP	446.0	2.5567304968145068e-05
DP	447.0	2.5441639237878894e-05
DP	448.0	2.531686991754269e-05
DP	449.0	2.5192988633221927e-05
DP	450.0	2.506998710763815e-05
DP	451.0	2.4947857158822307e-05
DP	452.0	2.4826590698809096e-05
DP	453.0	2.470617973235213e-05
DP	454.0	2.458661635565939e-05
DP	455.0	2.446789275514867e-05
DP	456.0	2.435000120622268e-05
DP	457.0	2.423293407206337e-05
DP	458.0	2.4116683802445224e-05
DP	459.0	2.4001242932567142e-05
DP	460.0	2.3886604081902557e-05
DP	461.0	2.3772759953067494e-05
DP	462.0	2.3659703330706282e-05
DP	463.0	2.3547427080394524e-05
DP	464.0	2.3435924147559085e-05
DP	465.0	2.33251875564148e-05
DP	466.0	2.321521040891756e-05
DP	467.0	2.310598588373354e-05
DP	468.0	2.299750723522425e-05
DP	469.0	2.2889767792447158e-05
DP	470.0	2.2782760958171587e-05
DP	471.0	2.2676480207909672e-05
DP	472.0	2.2570919088962037e-05
DP	473.0	2.2466071219478e-05
DP	474.0	2.2361930287530042e-05
DP	475.0	2.2258490050202277e-05
DP	476.0	2.2155744332692697e-05
DP	477.0	2.2053687027428942e-05
DP	478.0	2.195231209319739e-05
DP	479.0	2.1851613554285315e-05
DP	480.0	2.1751585499635865e-05
DP	481.0	2.1652222082015733e-05
DP	482.0	2.15535175171952e-05
DP	483.0	2.14554660831404e-05
DP	484.0	2.135806211921757e-05
DP	485.0	2.1261300025409158e-05
DP	486.0	2.116517426154143e-05
DP	487.0	2.1069679346523573e-05
DP	488.0	2.097480985759797e-05
DP	489.0	2.0880560429601496e-05
DP	490.0	2.0786925754237673e-05
DP	491.0	2.0693900579359482e-05
DP	492.0	2.0601479708262633e-05
DP	493.0	2.0509657998989184e-05
DP	494.0	2.0418430363641263e-05
DP	495.0	2.032779176770478e-05
DP	496.0	2.023773722938294e-05
DP	497.0	2.01482618189394e-05
DP	498.0	2.0059360658050885e-05
DP	499.0	1.997102891916919e-05
DP	500.0	1.9883261824892305e-05
DP	501.0	1.97960546473446e-05
DP	502.0	1.9709402707565862e-05
DP	503.0	1.9623301374909093e-05
DP	504.0	1.9537746066446885e-05
DP	505.0	1.945273224638626e-05
DP	506.0	1.93682554254918e-05
DP	507.0	1.9284311160517e-05
DP	508.0	1.9200895053643637e-05
DP	509.0	1.9118002751929082e-05
DP	510.0	1.903562994676138e-05
DP	511.0	1.8953772373322034e-05
DP	512.0	1.887242581005631e-05
DP	513.0	1.8791586078150963e-05
DP	514.0	1.871124904101929e-05
DP	515.0	1.863141060379337e-05
DP	516.0	1.8552066712823357e-05
DP	517.0	1.8473213355183778e-05
DP	518.0	1.839484655818665e-05
DP	519.0	1.8316962388901358e-05
DP	520.0	1.823955695368118e-05
DP	521.0	1.8162626397696327e-05
DP	522.0	1.8086166904473453e-05
DP	523.0	1.801017469544144e-05
DP	524.0	1.7934646029483484e-05
DP	525.0	1.7859577202495262e-05
DP	526.0	1.778496454694917e-05
DP	527.0	1.771080443146449e-05
DP	528.0	1.7637093260383442e-05
DP	529.0	1.756382747335295e-05
DP	530.0	1.749100354491214e-05
DP	531.0	1.7418617984085368e-05
DP	532.0	1.7346667333980806e-05
DP	533.0	1.7275148171394398e-05
DP	534.0	1.7204057106419172e-05
DP	535.0	1.7133390782059805e-05
DP	536.0	1.706314587385235e-05
DP	537.0	1.699331908948908e-05
DP	538.0	1.6923907168448285e-05
DP	539.0	1.68549068816291e-05
DP	540.0	1.678631503099112e-05
DP	541.0	1.6718128449198843e-05
DP	542.0	1.6650343999270816e-05
DP	543.0	1.658295857423345e-05
DP	544.0	1.6515969096779373e-05
DP	545.0	1.644937251893034e-05
DP	546.0	1.638316582170454e-05
DP	547.0	1.63173460147883e-05
DP	548.0	1.625191013621209e-05
DP	549.0	1.6186855252030787e-05
DP	550.0	1.6122178456008094e-05
DP	551.0	1.6057876869305108e-05
DP	552.0	1.5993947640172914e-05
DP	553.0	1.5930387943649205e-05
DP	554.0	1.5867194981258823e-05
DP	555.0	1.5804365980718187e-05
DP	556.0	1.5741898195643557e-05
DP	557.0	1.5679788905263033e-05
DP	558.0	1.5618035414132298e-05
DP	559.0	1.5556635051853993e-05
DP	560.0	1.549558517280073e-05
DP	561.0	1.5434883155841615e-05
DP	562.0	1.5374526404072298e-05
DP	563.0	1.5314512344548473e-05
DP	564.0	1.5254838428022745e-05
DP	565.0	1.51955021286849e-05
DP	566.0	1.513650094390542e-05
DP	567.0	1.5077832393982285e-05
DP	568.0	1.501949402189098e-05
DP	569.0	1.496148339303764e-05
DP	570.0	1.4903798095015346e-05
DP	571.0	1.4846435737363437e-05
DP	572.0	1.4789393951329918e-05
DP	573.0	1.4732670389636784e-05
DP	574.0	1.4676262726248334e-05
DP	575.0	1.4620168656142341e-05
DP	576.0	1.4564385895084125e-05
DP	577.0	1.4508912179403405e-05
DP	578.0	1.4453745265773938e-05
DP	579.0	1.4398882930995911e-05
DP	580.0	1.4344322971781005e-05
DP	581.0	1.429006320454015e-05
DP	582.0	1.4236101465173874e-05
DP	583.0	1.4182435608865252e-05
DP	584.0	1.4129063509875413e-05
DP	585.0	1.407598306134155e-05
DP	586.0	1.4023192175077407e-05
DP	587.0	1.3970688781376219e-05
DP	588.0	1.3918470828816059e-05
DP	589.0	1.3866536284067564e-05
DP	590.0	1.3814883131704005e-05
DP	591.0	1.3763509374013655e-05
DP	592.0	1.3712413030814466e-05
DP	593.0	1.3661592139270966e-05
DP	594.0	1.3611044753713379e-05
DP	595.0	1.3560768945458946e-05
DP	596.0	1.3510762802635394e-05
DP	597.0	1.3461024430006516e-05
DP	598.0	1.3411551948799878e-05
DP	599.0	1.3362343496536574e-05
DP	600.0	1.3313397226863027e-05
DP	601.0	1.3264711309384807e-05
DP	602.0	1.3216283929502429e-05
DP	603.0	1.3168113288249118e-05
DP	604.0	1.312019760213049e-05
DP	605.0	1.3072535102966157e-05
DP	606.0	1.3025124037733206e-05
DP	607.0	1.297796266841153e-05
DP	608.0	1.2931049271830978e-05
DP	609.0	1.2884382139520345e-05
DP	610.0	1.2837959577558096e-05
DP	611.0	1.2791779906424893e-05
DP	612.0	1.2745841460857812e-05
DP	613.0	1.2700142589706315e-05
DP	614.0	1.2654681655789863e-05
DP	615.0	1.2609457035757241e-05
DP	616.0	1.2564467119947485e-05
DP	617.0	1.2519710312252452e-05
DP	618.0	1.2475185029980991e-05
DP	619.0	1.2430889703724683e-05
DP	620.0	1.2386822777225135e-05
DP	621.0	1.2342982707242839e-05
DP	622.0	1.22993679634275e-05
DP	623.0	1.225597702818991e-05
DP	624.0	1.2212808396575267e-05
DP	625.0	1.2169860576137962e-05
DP	626.0	1.2127132086817815e-05
DP	627.0	1.20846214608177e-05
DP	628.0	1.204232724248262e-05
DP	629.0	1.2000247988180105e-05
DP	630.0	1.1958382266182043e-05
DP	631.0	1.1916728656547796e-05
DP	632.0	1.1875285751008685e-05
DP	633.0	1.1834052152853773e-05
DP	634.0	1.1793026476816945e-05
DP	635.0	1.1752207348965279e-05
DP	636.0	1.1711593406588655e-05
DP	637.0	1.1671183298090635e-05
DP	638.0	1.163097568288056e-05
DP	639.0	1.1590969231266866e-05
DP	640.0	1.1551162624351595e-05
DP	641.0	1.1511554553926097e-05
DP	642.0	1.1472143722367898e-05
DP	643.0	1.1432928842538713e-05
DP	644.0	1.139390863768361e-05
DP	645.0	1.1355081841331296e-05
DP	646.0	1.1316447197195509e-05
DP	647.0	1.12780034590775e-05
DP	648.0	1.1239749390769628e-05
DP	649.0	1.1201683765959982e-05
DP	650.0	1.1163805368138076e-05
DP	651.0	1.1126112990501614e-05
DP	652.0	1.1088605435864223e-05
DP	653.0	1.1051281516564268e-05
DP	654.0	1.1014140054374616e-05
DP	655.0	1.0977179880413433e-05
DP	656.0	1.0940399835055927e-05
DP	657.0	1.0903798767847073e-05
DP	658.0	1.0867375537415295e-05
DP	659.0	1.0831129011387082e-05
DP	660.0	1.0795058066302538e-05
DP	661.0	1.075916158753185e-05
DP	662.0	1.0723438469192663e-05
DP	663.0	1.0687887614068354e-05
DP	664.0	1.0652507933527196e-05
DP	665.0	1.061729834744238e-05
DP	666.0	1.0582257784112922e-05
DP	667.0	1.05473851801854e-05
DP	668.0	1.0512679480576561e-05
DP	669.0	1.0478139638396732e-05
DP	670.0	1.0443764614874083e-05
DP	671.0	1.040955337927966e-05
DP	672.0	1.0375504908853276e-05
DP	673.0	1.0341618188730144e-05
DP	674.0	1.0307892211868319e-05
DP	675.0	1.0274325978976914e-05
DP	676.0	1.024091849844506e-05
DP	677.0	1.0207668786271648e-05
DP	678.0	1.0174575865995795e-05
DP	679.0	1.014163876862806e-05
DP	680.0	1.010885653258237e-05
DP	681.0	1.0076228203608697e-05
DP	682.0	1.0043752834726408e-05
DP	683.0	1.0011429486158344e-05
DP	684.0	9.979257225265575e-06
DP	685.0	9.947235126482862e-06
DP	686.0	9.91536227125476e-06
DP	687.0	9.883637747972433e-06
DP	688.0	9.852060651911097e-06
DP	689.0	9.820630085168125e-06
DP	690.0	9.78934515660181e-06
DP	691.0	9.75820498177075e-06
DP	692.0	9.727208682873863e-06
DP	693.0	9.696355388691044e-06
DP	694.0	9.665644234524402e-06
DP	695.0	9.635074362140154e-06
DP	696.0	9.604644919711064e-06
DP	697.0	9.574355061759532e-06
DP	698.0	9.544203949101211e-06
DP	699.0	9.51419074878926e-06
DP	700.0	9.484314634059142e-06
DP	701.0	9.454574784273974e-06
DP	702.0	9.42497038487047e-06
DP	703.0	9.39550062730542e-06
DP	704.0	9.366164709002713e-06
DP	705.0	9.336961833300909e-06
DP	706.0	9.307891209401339e-06
DP	707.0	9.278952052316732e-06
DP	708.0	9.250143582820373e-06
DP	709.0	9.221465027395779e-06
DP	710.0	9.192915618186851e-06
DP	711.0	9.164494592948585e-06
DP	712.0	9.136201194998238e-06
DP	713.0	9.108034673167003e-06
DP	714.0	9.079994281752172e-06
DP	715.0	9.052079280469772e-06
DP	716.0	9.02428893440769e-06
DP	717.0	8.996622513979253e-06
DP	718.0	8.969079294877291e-06
DP	719.0	8.941658558028634e-06
DP	720.0	8.914359589549094e-06
DP	721.0	8.88718168069887e-06
DP	722.0	8.860124127838425e-06
DP	723.0	8.833186232384755e-06
DP	724.0	8.806367300768161e-06
DP	725.0	8.779666644389387e-06
DP	726.0	8.753083579577208e-06
DP	727.0	8.726617427546453e-06
DP	728.0	8.700267514356414e-06
DP	729.0	8.674033170869684e-06
DP	730.0	8.647913732711388e-06
DP	731.0	8.621908540228843e-06
DP	732.0	8.596016938451564e-06
DP	733.0	8.57023827705172e-06
DP	734.0	8.544571910304931e-06
DP	735.0	8.519017197051486e-06
DP	736.0	8.493573500657898e-06
DP	737.0	8.468240188978882e-06
DP	738.0	8.443016634319666e-06
DP	739.0	8.417902213398689e-06
DP	740.0	8.392896307310651e-06
DP	741.0	8.367998301489929e-06
DP	742.0	8.34320758567434e-06
DP	743.0	8.318523553869274e-06
DP	744.0	8.29394560431214e-06
DP	745.0	8.269473139437187e-06
DP	746.0	8.245105565840652e-06
DP	747.0	8.22084229424624e-06
DP	748.0	8.196682739470937e-06
DP	749.0	8.17262632039117e-06
DP	750.0	8.14867245990925e-06
DP	751.0	8.124820584920184e-06
DP	752.0	8.10107012627878e-06
DP	753.0	8.077420518767051e-06
DP	754.0	8.053871201061976e-06
DP	755.0	8.030421615703515e-06
DP	756.0	8.007071209062968e-06
DP	757.0	7.983819431311621e-06
DP	758.0	7.960665736389676e-06
DP	759.0	7.937609581975504e-06
DP	760.0	7.914650429455164e-06
DP	761.0	7.891787743892223e-06
DP	762.0	7.869020993997855e-06
DP	763.0	7.846349652101225e-06
DP	764.0	7.82377319412016e-06
DP	765.0	7.801291099532075e-06
DP	766.0	7.778902851345185e-06
DP	767.0	7.75660793607e-06
DP	768.0	7.734405843691057e-06
DP	769.0	7.712296067638942e-06
DP	770.0	7.690278104762561e-06
DP	771.0	7.668351455301678e-06
DP	772.0	7.646515622859696e-06
DP	773.0	7.6247701143767035e-06
DP	774.0	7.603114440102768e-06
DP	775.0	7.581548113571473e-06
DP	776.0	7.560070651573711e-06
DP	777.0	7.538681574131705e-06
DP	778.0	7.517380404473281e-06
DP	779.0	7.496166669006373e-06
DP	780.0	7.475039897293766e-06
DP	781.0	7.45399962202807e-06
DP	782.0	7.433045379006923e-06
DP	783.0	7.412176707108426e-06
DP	784.0	7.3913931482667995e-06
DP	785.0	7.370694247448265e-06
DP	786.0	7.3500795526271446e-06
DP	787.0	7.329548614762185e-06
DP	788.0	7.309100987773091e-06
DP	789.0	7.288736228517275e-06
DP	790.0	7.268453896766824e-06
DP	791.0	7.248253555185664e-06
DP	792.0	7.228134769306947e-06
DP	793.0	7.208097107510628e-06
DP	794.0	7.1881401410012575e-06
DP	795.0	7.168263443785968e-06
DP	796.0	7.148466592652659e-06
DP	797.0	7.128749167148386e-06
DP	798.0	7.109110749557934e-06
DP	799.0	7.089550924882596e-06
DP	800.0	7.070069280819129e-06
DP	801.0	7.050665407738914e-06
DP	802.0	7.031338898667284e-06
DP	803.0	7.012089349263059e-06
DP	804.0	6.992916357798246e-06
DP	805.0	6.973819525137929e-06
DP	806.0	6.954798454720341e-06
DP	807.0	6.935852752537106e-06
DP	808.0	6.916982027113658e-06
DP	809.0	6.898185889489845e-06
DP	810.0	6.87946395320069e-06
DP	811.0	6.860815834257334e-06
DP	812.0	6.842241151128139e-06
DP	813.0	6.823739524719968e-06
DP	814.0	6.805310578359624e-06
DP	815.0	6.786953937775451e-06
DP	816.0	6.7686692310791035e-06
DP	817.0	6.750456088747476e-06
DP	818.0	6.73231414360478e-06
DP	819.0	6.714243030804799e-06
DP	820.0	6.696242387813276e-06
DP	821.0	6.678311854390476e-06
DP	822.0	6.660451072573889e-06
DP	823.0	6.642659686661083e-06
DP	824.0	6.624937343192721e-06
DP	825.0	6.607283690935703e-06
DP	826.0	6.589698380866478e-06
DP	827.0	6.572181066154488e-06
DP	828.0	6.554731402145758e-06
DP	829.0	6.53734904634663e-06
DP	830.0	6.520033658407638e-06
DP	831.0	6.502784900107522e-06
DP	832.0	6.485602435337377e-06
DP	833.0	6.468485930084948e-06
DP	834.0	6.451435052419049e-06
DP	835.0	6.4344494724741255e-06
DP	836.0	6.4175288624349445e-06
DP	837.0	6.4006728965214186e-06
DP	838.0	6.38388125097356e-06
DP	839.0	6.367153604036558e-06
DP	840.0	6.350489635946004e-06
DP	841.0	6.333889028913205e-06
DP	842.0	6.317351467110671e-06
DP	843.0	6.300876636657682e-06
DP	844.0	6.284464225606009e-06
DP	845.0	6.2681139239257375e-06
DP	846.0	6.251825423491225e-06
DP	847.0	6.235598418067166e-06
DP	848.0	6.219432603294787e-06
DP	849.0	6.203327676678145e-06
DP	850.0	6.187283337570556e-06
DP	851.0	6.171299287161129e-06
DP	852.0	6.155375228461415e-06
DP	853.0	6.139510866292175e-06
DP	854.0	6.123705907270246e-06
DP	855.0	6.107960059795534e-06
DP	856.0	6.092273034038104e-06
DP	857.0	6.076644541925386e-06
DP	858.0	6.061074297129479e-06
DP	859.0	6.0455620150545745e-06
DP	860.0	6.0301074128244725e-06
DP	861.0	6.014710209270211e-06
DP	862.0	5.999370124917796e-06
DP	863.0	5.9840868819760235e-06
DP	864.0	5.968860204324425e-06
DP	865.0	5.9536898175012945e-06
DP	866.0	5.93857544869182e-06
DP	867.0	5.923516826716318e-06
DP	868.0	5.9085136820185565e-06
DP	869.0	5.89356574665419e-06
DP	870.0	5.878672754279268e-06
DP	871.0	5.863834440138861e-06
DP	872.0	5.849050541055766e-06
DP	873.0	5.834320795419309e-06
DP	874.0	5.81964494317424e-06
DP	875.0	5.805022725809722e-06
DP	876.0	5.790453886348403e-06
DP	877.0	5.7759381693355884e-06
DP	878.0	5.761475320828489e-06
DP	879.0	5.74706508838557e-06
DP	880.0	5.73270722105598e-06
DP	881.0	5.718401469369064e-06
DP	882.0	5.7041475853239675e-06
DP	883.0	5.689945322379328e-06
DP	884.0	5.675794435443037e-06
DP	885.0	5.661694680862102e-06
DP	886.0	5.647645816412576e-06
DP	887.0	5.633647601289581e-06
DP	888.0	5.619699796097403e-06
DP	889.0	5.605802162839673e-06
DP	890.0	5.5919544649096244e-06
DP	891.0	5.578156467080431e-06
DP	892.0	5.56440793549562e-06
DP	893.0	5.550708637659567e-06
DP	894.0	5.5370583424280606e-06
DP	895.0	5.5234568199989524e-06
DP	896.0	5.509903841902872e-06
DP	897.0	5.496399180994022e-06
DP	898.0	5.482942611441049e-06
DP	899.0	5.469533908717981e-06
DP	900.0	5.456172849595241e-06
DP	901.0	5.442859212130733e-06
DP	902.0	5.429592775661e-06
DP	903.0	5.416373320792447e-06
DP	904.0	5.403200629392642e-06
DP	905.0	5.390074484581678e-06
DP	906.0	5.376994670723607e-06
DP	907.0	5.363960973417947e-06
DP	908.0	5.350973179491245e-06
DP	909.0	5.338031076988719e-06
DP	910.0	5.325134455165958e-06
DP	911.0	5.312283104480688e-06
DP	912.0	5.299476816584613e-06
DP	913.0	5.286715384315301e-06
DP	914.0	5.273998601688151e-06
DP	915.0	5.261326263888418e-06
DP	916.0	5.2486981672633e-06
DP	917.0	5.236114109314084e-06
DP	918.0	5.22357388868836e-06
DP	919.0	5.21107730517229e-06
DP	920.0	5.19862415968294e-06
DP	921.0	5.186214254260678e-06
DP	922.0	5.173847392061611e-06
DP	923.0	5.1615233773501135e-06
DP	924.0	5.1492420154913835e-06
DP	925.0	5.137003112944072e-06
DP	926.0	5.124806477252965e-06
DP	927.0	5.112651917041727e-06
DP	928.0	5.100539242005699e-06
DP	929.0	5.088468262904745e-06
DP	930.0	5.076438791556162e-06
DP	931.0	5.064450640827646e-06
DP	932.0	5.052503624630307e-06
DP	933.0	5.040597557911734e-06
DP	934.0	5.028732256649131e-06
DP	935.0	5.016907537842483e-06
DP	936.0	5.00512321950779e-06
DP	937.0	4.9933791206703495e-06
DP	938.0	4.981675061358087e-06
DP	939.0	4.970010862594943e-06
DP	940.0	4.958386346394304e-06
DP	941.0	4.9468013357524915e-06
DP	942.0	4.935255654642293e-06
DP	943.0	4.923749128006549e-06
DP	944.0	4.9122815817517845e-06
DP	945.0	4.90085284274189e-06
DP	946.0	4.889462738791853e-06
DP	947.0	4.878111098661532e-06
DP	948.0	4.866797752049484e-06
DP	949.0	4.855522529586833e-06
DP	950.0	4.844285262831191e-06
DP	951.0	4.833085784260617e-06
DP	952.0	4.821923927267633e-06
DP	953.0	4.81079952615327e-06
DP	954.0	4.799712416121172e-06
DP	955.0	4.7886624332717426e-06
DP	956.0	4.777649414596327e-06
DP	957.0	4.7666731979714465e-06
DP	958.0	4.755733622153075e-06
DP	959.0	4.744830526770953e-06
DP	960.0	4.733963752322951e-06
DP	961.0	4.723133140169472e-06
DP	962.0	4.712338532527894e-06
DP	963.0	4.7015797724670556e-06
DP	964.0	4.69085670390179e-06
DP	965.0	4.680169171587483e-06
DP	966.0	4.669517021114689e-06
DP	967.0	4.658900098903776e-06
DP	968.0	4.648318252199617e-06
DP	969.0	4.637771329066311e-06
DP	970.0	4.62725917838196e-06
DP	971.0	4.616781649833465e-06
DP	972.0	4.6063385939113795e-06
DP	973.0	4.595929861904781e-06
DP	974.0	4.585555305896201e-06
DP	975.0	4.575214778756579e-06
DP	976.0	4.564908134140252e-06
DP	977.0	4.554635226479996e-06
DP	978.0	4.544395910982085e-06
DP	979.0	4.534190043621403e-06
DP	980.0	4.524017481136579e-06
DP	981.0	4.513878081025165e-06
DP	982.0	4.5037717015388465e-06
DP	983.0	4.493698201678691e-06
DP	984.0	4.483657441190427e-06
DP	985.0	4.473649280559759e-06
DP	986.0	4.463673581007722e-06
DP	987.0	4.453730204486061e-06
DP	988.0	4.443819013672646e-06
DP	989.0	4.43393987196693e-06
DP	990.0	4.424092643485427e-06
DP	991.0	4.4142771930572315e-06
DP	992.0	4.404493386219566e-06
DP	993.0	4.394741089213361e-06
DP	994.0	4.385020168978871e-06
DP	995.0	4.3753304931513206e-06
DP	996.0	4.365671930056577e-06
DP	997.0	4.356044348706859e-06
DP	998.0	4.34644761879648e-06
DP	999.0	4.3368816106976095e-06
DP	1000.0	4.327346195456079e-06
DP	1010.0	4.233646753685059e-06
DP	1020.0	4.142869593212421e-06
DP	1030.0	4.054896249033423e-06
DP	1040.0	3.969614145074721e-06
DP	1050.0	3.886916248465716e-06
DP	1060.0	3.8067007471594414e-06
DP	1070.0	3.7288707491236953e-06
DP	1080.0	3.653334001473878e-06
DP	1090.0	3.5800026280556478e-06
DP	1100.0	3.5087928841096207e-06
DP	1110.0	3.4396249267630798e-06
DP	1120.0	3.3724226001961855e-06
DP	1130.0	3.307113234423523e-06
DP	1140.0	3.2436274567168273e-06
DP	1150.0	3.181899014772263e-06
DP	1160.0	3.1218646107963718e-06
DP	1170.0	3.063463745749397e-06
DP	1180.0	3.006638573043761e-06
DP	1190.0	2.9513337610494676e-06
DP	1200.0	2.8974963638076656e-06
DP	1210.0	2.8450756993988857e-06
DP	1220.0	2.794023235454018e-06
DP	1230.0	2.7442924813341853e-06
DP	1240.0	2.6958388865406504e-06
DP	1250.0	2.6486197449480492e-06
DP	1260.0	2.6025941044837897e-06
DP	1270.0	2.5577226819036432e-06
DP	1280.0	2.5139677823386038e-06
DP	1290.0	2.4712932233111373e-06
DP	1300.0	2.429664262940224e-06
DP	1310.0	2.3890475320741984e-06
DP	1320.0	2.3494109701085105e-06
DP	1330.0	2.310723764262243e-06
DP	1340.0	2.27295629210269e-06
DP	1350.0	2.2360800671215885e-06
DP	1360.0	2.2000676871798214e-06
DP	1370.0	2.1648927856496618e-06
DP	1380.0	2.1305299850949727e-06
DP	1390.0	2.0969548533402883e-06
DP	1400.0	2.064143861789465e-06
DP	1410.0	2.0320743458636293e-06
DP	1420.0	2.000724467436575e-06
DP	1430.0	1.9700731791535334e-06
DP	1440.0	1.940100190526542e-06
DP	1450.0	1.9107859357063428e-06
DP	1460.0	1.8821115428370465e-06
DP	1470.0	1.8540588049056345e-06
DP	1480.0	1.8266101520038116e-06
DP	1490.0	1.7997486249248025e-06
DP	1500.0	1.7734578500224024e-06
DP	1510.0	1.747722015264016e-06
DP	1520.0	1.7225258474135258e-06
DP	1530.0	1.6978545902836714e-06
DP	1540.0	1.6736939840012245e-06
DP	1550.0	1.650030245231578e-06
DP	1560.0	1.6268500483125222e-06
DP	1570.0	1.604140507249897e-06
DP	1580.0	1.5818891585305663e-06
DP	1590.0	1.5600839447107221e-06
DP	1600.0	1.538713198739929e-06
DP	1610.0	1.5177656289835833e-06
DP	1620.0	1.4972303049085604e-06
DP	1630.0	1.4770966433988164e-06
DP	1640.0	1.4573543956695574e-06
DP	1650.0	1.4379936347503423e-06
DP	1660.0	1.4190047435091145e-06
DP	1670.0	1.4003784031906996e-06
DP	1680.0	1.3821055824447478e-06
DP	1690.0	1.3641775268194572e-06
DP	1700.0	1.3465857486986924e-06
DP	1710.0	1.3293220176613073e-06
DP	1720.0	1.3123783512426195e-06
DP	1730.0	1.2957470060790375e-06
DP	1740.0	1.2794204694178484e-06
DP	1750.0	1.2633914509751136e-06
DP	1760.0	1.2476528751255101e-06
DP	1770.0	1.232197873408793e-06
DP	1780.0	1.2170197773383374e-06
DP	1790.0	1.2021121114979765e-06
DP	1800.0	1.1874685869140386e-06
DP	1810.0	1.1730830946901613e-06
DP	1820.0	1.1589496998930806e-06
DP	1830.0	1.1450626356781883e-06
DP	1840.0	1.1314162976442058e-06
DP	1850.0	1.1180052384068512e-06
DP	1860.0	1.104824162381878e-06
DP	1870.0	1.0918679207683361e-06
DP	1880.0	1.079131506723343e-06
DP	1890.0	1.066610050720091e-06
DP	1900.0	1.0542988160812014e-06
DP	1910.0	1.0421931946799259e-06
DP	1920.0	1.0302887028020445e-06
DP	1930.0	1.0185809771616594e-06
DP	1940.0	1.0070657710643939e-06
DP	1950.0	9.957389507118229e-07
DP	1960.0	9.845964916412403e-07
DP	1970.0	9.736344752951496e-07
DP	1980.0	9.628490857151194e-07
DP	1990.0	9.522366063548976e-07
DP	2000.0	9.417934170079071e-07
DP	2010.0	9.315159908444726e-07
DP	2020.0	9.214008915543337e-07
DP	2030.0	9.114447705902105e-07
DP	2040.0	9.016443645083644e-07
DP	2050.0	8.919964924022912e-07
DP	2060.0	8.824980534258469e-07
DP	2070.0	8.731460244022763e-07
DP	2080.0	8.639374575157651e-07
DP	2090.0	8.54869478082289e-07
DP	2100.0	8.459392823966717e-07
DP	2110.0	8.371441356528977e-07
DP	2120.0	8.284813699348569e-07
DP	2130.0	8.199483822748142e-07
DP	2140.0	8.115426327770182e-07
DP	2150.0	8.03261642803972e-07
DP	2160.0	7.951029932229919e-07
DP	2170.0	7.87064322710784e-07
DP	2180.0	7.791433261138621e-07
DP	2190.0	7.713377528627206e-07
DP	2200.0	7.636454054377655e-07
DP	2210.0	7.560641378850885e-07
DP	2220.0	7.485918543802471e-07
DP	2230.0	7.412265078382901e-07
DP	2240.0	7.339660985683421e-07
DP	2250.0	7.268086729711255e-07
DP	2260.0	7.197523222778662e-07
DP	2270.0	7.127951813290934e-07
DP	2280.0	7.05935427391902e-07
DP	2290.0	6.991712790143029e-07
DP	2300.0	6.925009949153439e-07
DP	2310.0	6.859228729097339e-07
DP	2320.0	6.79435248865754e-07
DP	2330.0	6.730364956952881e-07
DP	2340.0	6.667250223748479e-07
DP	2350.0	6.604992729965172e-07
DP	2360.0	6.54357725847775e-07
DP	2370.0	6.482988925192037e-07
DP	2380.0	6.423213170391207e-07
DP	2390.0	6.364235750342165e-07
DP	2400.0	6.306042729153087e-07
DP	2410.0	6.248620470873621e-07
DP	2420.0	6.191955631829534e-07
DP	2430.0	6.136035153183925e-07
DP	2440.0	6.080846253717386e-07
DP	2450.0	6.026376422819843e-07
DP	2460.0	5.972613413686982e-07
DP	2470.0	5.919545236714542e-07
DP	2480.0	5.867160153083898e-07
DP	2490.0	5.815446668532685e-07
DP	2500.0	5.764393527304403e-07
DP	2510.0	5.713989706271138e-07
DP	2520.0	5.664224409223836e-07
DP	2530.0	5.615087061324658e-07
DP	2540.0	5.566567303716224e-07
DP	2550.0	5.51865498828271e-07
DP	2560.0	5.471340172557948e-07
DP	2570.0	5.424613114775824e-07
DP	2580.0	5.378464269058511e-07
DP	2590.0	5.332884280738132e-07
DP	2600.0	5.287863981807685e-07
DP	2610.0	5.243394386497172e-07
DP	2620.0	5.199466686971022e-07
DP	2630.0	5.156072249143021e-07
DP	2640.0	5.113202608605142e-07
DP	2650.0	5.070849466666719e-07
DP	2660.0	5.029004686500589e-07
DP	2670.0	4.98766028939294e-07
DP	2680.0	4.946808451093665e-07
DP	2690.0	4.906441498264194e-07
DP	2700.0	4.866551905019834e-07
DP	2710.0	4.827132289563774e-07
DP	2720.0	4.788175410909985e-07
DP	2730.0	4.7496741656923724e-07
DP	2740.0	4.71162158505757e-07
DP	2750.0	4.6740108316389333e-07
DP	2760.0	4.636835196609278e-07
DP	2770.0	4.600088096810073e-07
DP	2780.0	4.563763071954823e-07
DP	2790.0	4.5278537819044565e-07
DP	2800.0	4.4923540040126376e-07
DP	2810.0	4.457257630538947e-07
DP	2820.0	4.4225586661279634e-07
DP	2830.0	4.388251225352355e-07
DP	2840.0	4.35432953031812e-07
DP	2850.0	4.320787908330199e-07
DP	2860.0	4.2876207896167357e-07
DP	2870.0	4.254822705110305e-07
DP	2880.0	4.222388284284497e-07
DP	2890.0	4.1903122530442863e-07
DP	2900.0	4.158589431668671e-07
DP	2910.0	4.127214732804106e-07
DP	2920.0	4.09618315950732e-07
DP	2930.0	4.0654898033361166e-07
DP	2940.0	4.0351298424868465e-07
DP	2950.0	4.005098539977238e-07
DP	2960.0	3.975391241873342e-07
DP	2970.0	3.9460033755593764e-07
DP	2980.0	3.9169304480492785e-07
DP	2990.0	3.888168044338846e-07
DP	3000.0	3.859711825797338e-07
DP	3010.0	3.83155752859748e-07
DP	3020.0	3.803700962182816e-07
DP	3030.0	3.776138007771416e-07
DP	3040.0	3.748864616894946e-07
DP	3050.0	3.7218768099721623e-07
DP	3060.0	3.6951706749159e-07
DP	3070.0	3.668742365772671e-07
DP	3080.0	3.642588101394e-07
DP	3090.0	3.616704164138657e-07
DP	3100.0	3.5910868986049797e-07
DP	3110.0	3.5657327103924815e-07
DP	3120.0	3.540638064891982e-07
DP	3130.0	3.5157994861035214e-07
DP	3140.0	3.49121355548132e-07
DP	3150.0	3.466876910805095e-07
DP	3160.0	3.44278624507704e-07
DP	3170.0	3.4189383054438164e-07
DP	3180.0	3.395329892142896e-07
DP	3190.0	3.37195785747265e-07
DP	3200.0	3.348819104785565e-07
DP	3210.0	3.325910587503995e-07
DP	3220.0	3.3032293081578855e-07
DP	3230.0	3.280772317443903e-07
DP	3240.0	3.2585367133054365e-07
DP	3250.0	3.2365196400329463e-07
DP	3260.0	3.214718287384134e-07
DP	3270.0	3.193129889723467e-07
DP	3280.0	3.171751725180539e-07
DP	3290.0	3.150581114826829e-07
DP	3300.0	3.1296154218703784e-07
DP	3310.0	3.108852050867967e-07
DP	3320.0	3.088288446954329e-07
DP	3330.0	3.0679220950880144e-07
DP	3340.0	3.047750519313475e-07
DP	3350.0	3.0277712820389806e-07
DP	3360.0	3.0079819833299816e-07
DP	3370.0	2.988380260217543e-07
DP	3380.0	2.9689637860214795e-07
DP	3390.0	2.949730269687851e-07
DP	3400.0	2.930677455140449e-07
DP	3410.0	2.9118031206459617e-07
DP	3420.0	2.893105078192478e-07
DP	3430.0	2.8745811728810143e-07
DP	3440.0	2.856229282329752e-07
DP	3450.0	2.8380473160906947e-07
DP	3460.0	2.820033215078431e-07
DP	3470.0	2.8021849510107406e-07
DP	3480.0	2.784500525860748e-07
DP	3490.0	2.766977971320363e-07
DP	3500.0	2.7496153482747313e-07
DP	3510.0	2.7324107462874627e-07
DP	3520.0	2.715362283096354e-07
DP	3530.0	2.6984681041193914e-07
DP	3540.0	2.681726381970777e-07
DP	3550.0	2.6651353159867597e-07
DP	3560.0	2.6486931317610324e-07
DP	3570.0	2.6323980806894945e-07
DP	3580.0	2.6162484395241414e-07
DP	3590.0	2.6002425099358974e-07
DP	3600.0	2.584378618086172e-07
DP	3610.0	2.568655114206946e-07
DP	3620.0	2.553070372189201e-07
DP	3630.0	2.5376227891794906e-07
DP	3640.0	2.522310785184488e-07
DP	3650.0	2.5071328026833134e-07
DP	3660.0	2.4920873062474783e-07
DP	3670.0	2.4771727821682765e-07
DP	3680.0	2.4623877380914464e-07
DP	3690.0	2.447730702658958e-07
DP	3700.0	2.4332002251577537e-07
DP	3710.0	2.418794875175298e-07
DP	3720.0	2.4045132422617807e-07
DP	3730.0	2.3903539355988324e-07
DP	3740.0	2.3763155836746066e-07
DP	3750.0	2.3623968339650893e-07
DP	3760.0	2.3485963526215032e-07
DP	3770.0	2.3349128241636696e-07
DP	3780.0	2.3213449511792065e-07
DP	3790.0	2.3078914540284248e-07
DP	3800.0	2.2945510705548161e-07
DP	3810.0	2.2813225558009953e-07
DP	3820.0	2.2682046817299911e-07
DP	3830.0	2.2551962369517712e-07
DP	3840.0	2.242296026454882e-07
DP	3850.0	2.2295028713431015e-07
DP	3860.0	2.2168156085769977e-07
DP	3870.0	2.204233090720285e-07
DP	3880.0	2.1917541856908836e-07
DP	3890.0	2.179377776516577e-07
DP	3900.0	2.167102761095172e-07
DP	3910.0	2.1549280519590738e-07
DP	3920.0	2.142852576044173e-07
DP	3930.0	2.130875274462963e-07
DP	3940.0	2.1189951022817965e-07
DP	3950.0	2.1072110283021968e-07
DP	3960.0	2.0955220348461377e-07
DP	3970.0	2.0839271175452132e-07
DP	3980.0	2.072425285133614e-07
DP	3990.0	2.061015559244835e-07
DP	4000.0	2.0496969742120378e-07
DP	4010.0	2.0384685768719883e-07
DP	4020.0	2.0273294263725067e-07
DP	4030.0	2.0162785939833458e-07
DP	4040.0	2.0053151629104404e-07
DP	4050.0	1.99443822811345e-07
DP	4060.0	1.9836468961265358e-07
DP	4070.0	1.9729402848823e-07
DP	4080.0	1.962317523538831e-07
DP	4090.0	1.9517777523097856e-07
DP	4100.0	1.9413201222974532e-07
DP	4110.0	1.9309437953287395e-07
DP	4120.0	1.92064794379401e-07
DP	4130.0	1.9104317504887436e-07
DP	4140.0	1.9002944084579323e-07
DP	4150.0	1.8902351208431767e-07
DP	4160.0	1.8802531007324263e-07
DP	4170.0	1.8703475710123092e-07
DP	4180.0	1.8605177642230007e-07
DP	4190.0	1.8507629224155843e-07
DP	4200.0	1.8410822970118534e-07
DP	4210.0	1.8314751486665068e-07
DP	4220.0	1.8219407471316924e-07
DP	4230.0	1.812478371123854e-07
DP	4240.0	1.8030873081928354e-07
DP	4250.0	1.7937668545931982e-07
DP	4260.0	1.7845163151577128e-07
DP	4270.0	1.775335003172978e-07
DP	4280.0	1.7662222402571316e-07
DP	4290.0	1.7571773562396108e-07
DP	4300.0	1.7481996890429197e-07
DP	4310.0	1.7392885845663732e-07
DP	4320.0	1.7304433965717746e-07
DP	4330.0	1.7216634865709904e-07
DP	4340.0	1.7129482237153884e-07
DP	4350.0	1.7042969846871033e-07
DP	4360.0	1.6957091535920959e-07
DP	4370.0	1.6871841218549704e-07
DP	4380.0	1.6787212881155198e-07
DP	4390.0	1.6703200581269656e-07
DP	4400.0	1.6619798446558594e-07
DP	4410.0	1.6537000673836174e-07
DP	4420.0	1.6454801528096557e-07
DP	4430.0	1.6373195341560997e-07
DP	4440.0	1.6292176512740355e-07
DP	4450.0	1.6211739505512736e-07
DP	4460.0	1.6131878848216058e-07
DP	4470.0	1.6052589132755147e-07
DP	4480.0	1.597386501372322e-07
DP	4490.0	1.5895701207537394e-07
DP	4500.0	1.5818092491588044e-07
DP	4510.0	1.5741033703401693e-07
DP	4520.0	1.5664519739817244e-07
DP	4530.0	1.5588545556175263e-07
DP	4540.0	1.5513106165520126e-07
DP	4550.0	1.5438196637814758e-07
DP	4560.0	1.536381209916776e-07
DP	4570.0	1.5289947731072692e-07
DP	4580.0	1.521659876965932e-07
DP	4590.0	1.5143760504956562e-07
DP	4600.0	1.5071428280166975e-07
DP	4610.0	1.4999597490952542e-07
DP	4620.0	1.4928263584731615e-07
DP	4630.0	1.4857422059986711e-07
DP	4640.0	1.478706846558311e-07
DP	4650.0	1.4717198400097923e-07
DP	4660.0	1.4647807511159562e-07
DP	4670.0	1.457889149479734e-07
DP	4680.0	1.4510446094801116e-07
DP	4690.0	1.4442467102090705e-07
DP	4700.0	1.4374950354094962e-07
DP	4710.0	1.4307891734140343e-07
DP	4720.0	1.4241287170848782e-07
DP	4730.0	1.417513263754473e-07
DP	4740.0	1.4109424151671155e-07
DP	4750.0	1.4044157774214426e-07
DP	4760.0	1.3979329609137868e-07
DP	4770.0	1.3914935802823846e-07
DP	4780.0	1.3850972543524253e-07
DP	4790.0	1.3787436060819252e-07
DP	4800.0	1.372432262508412e-07
DP	4810.0	1.3661628546964045e-07
DP	4820.0	1.3599350176856809e-07
DP	4830.0	1.3537483904403113e-07
DP	4840.0	1.3476026157984524e-07
DP	4850.0	1.341497340422882e-07
DP	4860.0	1.3354322147522712e-07
DP	4870.0	1.3294068929531683e-07
DP	4880.0	1.3234210328726989e-07
DP	4890.0	1.3174742959919557e-07
DP	4900.0	1.3115663473800738e-07
DP	4910.0	1.3056968556489787e-07
DP	4920.0	1.299865492908797e-07
DP	4930.0	1.2940719347239165e-07
DP	4940.0	1.288315860069683e-07
DP	4950.0	1.2825969512897336e-07
DP	4960.0	1.27691489405394e-07
DP	4970.0	1.2712693773169666e-07
DP	4980.0	1.2656600932774243e-07
DP	4990.0	1.260086737337613e-07
DP	5000.0	1.2545490080638446e-07
DP	5010.0	1.249046607147333e-07
DP	5020.0	1.2435792393656483e-07
DP	5030.0	1.238146612544716e-07
DP	5040.0	1.2327484375213665e-07
DP	5050.0	1.2273844281064093e-07
DP	5060.0	1.2220543010482398e-07
DP	5070.0	1.2167577759969556e-07
DP	5080.0	1.211494575468986e-07
DP	5090.0	1.2062644248122194e-07
DP	5100.0	1.2010670521716198e-07
DP	5110.0	1.1959021884553317e-07
DP	5120.0	1.1907695673012584e-07
DP	5130.0	1.1856689250441095e-07
DP	5140.0	1.1806000006829088e-07
DP	5150.0	1.1755625358489572e-07
DP	5160.0	1.1705562747742408e-07
DP	5170.0	1.1655809642602792e-07
DP	5180.0	1.1606363536474064e-07
DP	5190.0	1.1557221947844772e-07
DP	5200.0	1.1508382419989914e-07
DP	5210.0	1.1459842520676328e-07
DP	5220.0	1.1411599841872122e-07
DP	5230.0	1.13636519994601e-07
DP	5240.0	1.1315996632955136e-07
DP	5250.0	1.1268631405225404e-07
DP	5260.0	1.1221554002217425e-07
DP	5270.0	1.1174762132684868e-07
DP	5280.0	1.1128253527921045e-07
DP	5290.0	1.1082025941495036e-07
DP	5300.0	1.1036077148991406e-07
DP	5310.0	1.0990404947753437e-07
DP	5320.0	1.0945007156629839e-07
DP	5330.0	1.089988161572487e-07
DP	5340.0	1.0855026186151832e-07
DP	5350.0	1.0810438749789871e-07
DP	5360.0	1.0766117209044044e-07
DP	5370.0	1.07220594866086e-07
DP	5380.0	1.0678263525233431e-07
DP	5390.0	1.0634727287493628e-07
DP	5400.0	1.0591448755562105e-07
DP	5410.0	1.0548425930985268e-07
DP	5420.0	1.050565683446163e-07
DP	5430.0	1.0463139505623383e-07
DP	5440.0	1.0420872002820844e-07
DP	5450.0	1.0378852402909752e-07
DP	5460.0	1.0337078801041356e-07
DP	5470.0	1.0295549310455285e-07
DP	5480.0	1.0254262062275112e-07
DP	5490.0	1.021321520530661e-07
DP	5500.0	1.0172406905838646e-07
DP	5510.0	1.0131835347446667e-07
DP	5520.0	1.0091498730798753e-07
DP	5530.0	1.0051395273464185e-07
DP	5540.0	1.0011523209724513e-07
DP	5550.0	9.97188079038705e-08
DP	5560.0	9.932466282600802e-08
DP	5570.0	9.893277969674757e-08
DP	5580.0	9.854314150898525e-08
DP	5590.0	9.815573141365285e-08
DP	5600.0	9.777053271797e-08
DP	5610.0	9.738752888371886e-08
DP	5620.0	9.700670352554068e-08
DP	5630.0	9.662804040925438e-08
DP	5640.0	9.625152345019634e-08
DP	5650.0	9.587713671158146e-08
DP	5660.0	9.550486440288498e-08
DP	5670.0	9.513469087824493e-08
DP	5680.0	9.476660063488466e-08
DP	5690.0	9.440057831155537e-08
DP	5700.0	9.403660868699841e-08
DP	5710.0	9.36746766784267e-08
DP	5720.0	9.331476734002554e-08
DP	5730.0	9.295686586147196e-08
DP	5740.0	9.260095756647284e-08
DP	5750.0	9.224702791132124e-08
DP	5760.0	9.189506248347058e-08
DP	5770.0	9.1545047000127e-08
DP	5780.0	9.119696730685885e-08
DP	5790.0	9.085080937622356e-08
DP	5800.0	9.050655930641174e-08
DP	5810.0	9.01642033199077e-08
DP	5820.0	8.982372776216692e-08
DP	5830.0	8.948511910030947e-08
DP	5840.0	8.914836392182987e-08
DP	5850.0	8.881344893332242e-08
DP	5860.0	8.848036095922262e-08
DP	5870.0	8.814908694056362e-08
DP	5880.0	8.781961393374812e-08
DP	5890.0	8.749192910933514e-08
DP	5900.0	8.71660197508417e-08
DP	5910.0	8.684187325355899e-08
DP	5920.0	8.651947712338291e-08
DP	5930.0	8.619881897565888e-08
DP	5940.0	8.587988653404054e-08
DP	5950.0	8.556266762936244e-08
DP	5960.0	8.524715019852598e-08
DP	5970.0	8.493332228339915e-08
DP	5980.0	8.462117202972928e-08
DP	5990.0	8.431068768606893e-08
DP	6000.0	8.40018576027146e-08
DP	6010.0	8.369467023065822e-08
DP	6020.0	8.338911412055104e-08
DP	6030.0	8.308517792168004e-08
DP	6040.0	8.278285038095649e-08
DP	6050.0	8.248212034191633e-08
DP	6060.0	8.218297674373273e-08
DP	6070.0	8.188540862024019e-08
DP	6080.0	8.158940509897009e-08
DP	6090.0	8.129495540019785e-08
DP	6100.0	8.100204883600118e-08
DP	6110.0	8.071067480932942e-08
DP	6120.0	8.04208228130839e-08
DP	6130.0	8.013248242920897e-08
DP	6140.0	7.984564332779385e-08
DP	6150.0	7.956029526618475e-08
DP	6160.0	7.927642808810763e-08
DP	6170.0	7.899403172280095e-08
DP	6180.0	7.871309618415862e-08
DP	6190.0	7.843361156988298e-08
DP	6200.0	7.815556806064741e-08
DP	6210.0	7.787895591926884e-08
DP	6220.0	7.760376548988974e-08
DP	6230.0	7.732998719716952e-08
DP	6240.0	7.705761154548533e-08
DP	6250.0	7.678662911814201e-08
DP	6260.0	7.65170305765911e-08
DP	6270.0	7.624880665965886e-08
DP	6280.0	7.598194818278318e-08
DP	6290.0	7.571644603725897e-08
DP	6300.0	7.545229118949255e-08
DP	6310.0	7.518947468026416e-08
DP	6320.0	7.492798762399913e-08
DP	6330.0	7.466782120804727e-08
DP	6340.0	7.440896669197026e-08
DP	6350.0	7.41514154068374e-08
DP	6360.0	7.389515875452915e-08
DP	6370.0	7.364018820704848e-08
DP	6380.0	7.338649530584017e-08
DP	6390.0	7.313407166111765e-08
DP	6400.0	7.288290895119738e-08
DP	6410.0	7.263299892184082e-08
DP	6420.0	7.238433338560365e-08
DP	6430.0	7.213690422119232e-08
DP	6440.0	7.189070337282784e-08
DP	6450.0	7.164572284961655e-08
DP	6460.0	7.1401954724928e-08
DP	6470.0	7.115939113577971e-08
DP	6480.0	7.091802428222873e-08
DP	6490.0	7.067784642676996e-08
DP	6500.0	7.043884989374124e-08
DP	6510.0	7.020102706873476e-08
DP	6520.0	6.996437039801523e-08
DP	6530.0	6.97288723879443e-08
DP	6540.0	6.949452560441136e-08
DP	6550.0	6.926132267227063e-08
DP	6560.0	6.90292562747843e-08
DP	6570.0	6.879831915307189e-08
DP	6580.0	6.856850410556565e-08
DP	6590.0	6.833980398747171e-08
DP	6600.0	6.811221171023737e-08
DP	6610.0	6.788572024102393e-08
DP	6620.0	6.766032260218548e-08
DP	6630.0	6.743601187075315e-08
DP	6640.0	6.721278117792507e-08
DP	6650.0	6.699062370856186e-08
DP	6660.0	6.67695327006874e-08
DP	6670.0	6.654950144499522e-08
DP	6680.0	6.633052328436002e-08
DP	6690.0	6.611259161335452e-08
DP	6700.0	6.589569987777155e-08
DP	6710.0	6.567984157415113e-08
DP	6720.0	6.54650102493127e-08
DP	6730.0	6.525119949989234e-08
DP	6740.0	6.503840297188499e-08
DP	6750.0	6.482661436019133e-08
DP	6760.0	6.461582740816981e-08
DP	6770.0	6.440603590719314e-08
DP	6780.0	6.419723369620968e-08
DP	6790.0	6.398941466130934e-08
DP	6800.0	6.378257273529423e-08
DP	6810.0	6.357670189725368e-08
DP	6820.0	6.337179617214385e-08
DP	6830.0	6.316784963037171e-08
DP	6840.0	6.296485638738347e-08
DP	6850.0	6.276281060325723e-08
DP	6860.0	6.25617064823e-08
DP	6870.0	6.236153827264882e-08
DP	6880.0	6.216230026587624e-08
DP	6890.0	6.196398679659972e-08
DP	6900.0	6.176659224209517e-08
DP	6910.0	6.157011102191463e-08
DP	6920.0	6.137453759750769e-08
DP	6930.0	6.11798664718471e-08
DP	6940.0	6.098609218905805e-08
DP	6950.0	6.079320933405141e-08
DP	6960.0	6.060121253216071e-08
DP	6970.0	6.041009644878287e-08
DP	6980.0	6.02198557890227e-08
DP	6990.0	6.003048529734091e-08
DP	7000.0	5.98419797572059e-08
DP	7010.0	5.965433399074899e-08
DP	7020.0	5.9467542858423337e-08
DP	7030.0	5.928160125866615e-08
DP	7040.0	5.909650412756451e-08
DP	7050.0	5.8912246438524565e-08
DP	7060.0	5.8728823201944e-08
DP	7070.0	5.854622946488801e-08
DP	7080.0	5.836446031076842e-08
DP	7090.0	5.81835108590261e-08
DP	7100.0	5.8003376264816666e-08
DP	7110.0	5.7824051718699265e-08
DP	7120.0	5.764553244632854e-08
DP	7130.0	5.746781370814975e-08
DP	7140.0	5.7290890799096876e-08
DP	7150.0	5.711475904829384e-08
DP	7160.0	5.6939413818758664e-08
DP	7170.0	5.676485050711068e-08
DP	7180.0	5.6591064543280574e-08
DP	7190.0	5.641805139022338e-08
DP	7200.0	5.624580654363439e-08
DP	7210.0	5.607432553166778e-08
DP	7220.0	5.590360391465817e-08
DP	7230.0	5.573363728484486e-08
DP	7240.0	5.556442126609885e-08
DP	7250.0	5.539595151365254e-08
DP	7260.0	5.522822371383218e-08
DP	7270.0	5.506123358379283e-08
DP	7280.0	5.489497687125612e-08
DP	7290.0	5.4729449354250435e-08
DP	7300.0	5.4564646840853715e-08
DP	7310.0	5.440056516893887e-08
DP	7320.0	5.423720020592157e-08
DP	7330.0	5.4074547848510574e-08
DP	7340.0	5.3912604022460495e-08
DP	7350.0	5.375136468232702e-08
DP	7360.0	5.359082581122444e-08
DP	7370.0	5.343098342058563e-08
DP	7380.0	5.327183354992434e-08
DP	7390.0	5.311337226659976e-08
DP	7400.0	5.295559566558346e-08
DP	7410.0	5.27984998692285e-08
DP	7420.0	5.2642081027040844e-08
DP	7430.0	5.2486335315452945e-08
DP	7440.0	5.2331258937599566e-08
DP	7450.0	5.217684812309572e-08
DP	7460.0	5.2023099127816766e-08
DP	7470.0	5.187000823368064e-08
DP	7480.0	5.171757174843216e-08
DP	7490.0	5.1565786005429426e-08
DP	7500.0	5.1414647363432215e-08
DP	7510.0	5.1264152206392485e-08
DP	7520.0	5.1114296943246796e-08
DP	7530.0	5.096507800771081e-08
DP	7540.0	5.081649185807566e-08
DP	7550.0	5.066853497700631e-08
DP	7560.0	5.052120387134179e-08
DP	7570.0	5.037449507189745e-08
DP	7580.0	5.02284051332689e-08
DP	7590.0	5.008293063363799e-08
DP	7600.0	4.99380681745805e-08
DP	7610.0	4.97938143808757e-08
DP	7620.0	4.965016590031774e-08
DP	7630.0	4.9507119403528755e-08
DP	7640.0	4.936467158377374e-08
DP	7650.0	4.9222819156777224e-08
DP	7660.0	4.9081558860541595e-08
DP	7670.0	4.894088745516718e-08
DP	7680.0	4.880080172267396e-08
DP	7690.0	4.8661298466825014e-08
DP	7700.0	4.852237451295158e-08
DP	7710.0	4.838402670777971e-08
DP	7720.0	4.824625191925863e-08
DP	7730.0	4.810904703639062e-08
DP	7740.0	4.797240896906251e-08
DP	7750.0	4.783633464787873e-08
DP	7760.0	4.770082102399591e-08
DP	7770.0	4.756586506895902e-08
DP	7780.0	4.7431463774539005e-08
DP	7790.0	4.729761415257195e-08
DP	7800.0	4.716431323479969e-08
DP	7810.0	4.7031558072711934e-08
DP	7820.0	4.6899345737389776e-08
DP	7830.0	4.6767673319350735e-08
DP	7840.0	4.663653792839514e-08
DP	7850.0	4.6505936693453915e-08
DP	7860.0	4.637586676243788e-08
DP	7870.0	4.624632530208825e-08
DP	7880.0	4.611730949782865e-08
DP	7890.0	4.598881655361837e-08
DP	7900.0	4.5860843691807055e-08
DP	7910.0	4.573338815299065e-08
DP	7920.0	4.560644719586864e-08
DP	7930.0	4.548001809710266e-08
DP	7940.0	4.535409815117634e-08
DP	7950.0	4.5228684670256376e-08
DP	7960.0	4.510377498405495e-08
DP	7970.0	4.497936643969332e-08
DP	7980.0	4.485545640156668e-08
DP	7990.0	4.4732042251210186e-08
DP	8000.0	4.460912138716626e-08
DP	8010.0	4.448669122485302e-08
DP	8020.0	4.4364749196433945e-08
DP	8030.0	4.424329275068864e-08
DP	8040.0	4.4122319352884847e-08
DP	8050.0	4.4001826484651484e-08
DP	8060.0	4.388181164385297e-08
DP	8070.0	4.3762272344464496e-08
DP	8080.0	4.364320611644856e-08
DP	8090.0	4.352461050563251e-08
DP	8100.0	4.340648307358719e-08
DP	8110.0	4.328882139750667e-08
DP	8120.0	4.31716230700891e-08
DP	8130.0	4.3054885699418455e-08
DP	8140.0	4.2938606908847544e-08
DP	8150.0	4.2822784336881874e-08
DP	8160.0	4.270741563706461e-08
DP	8170.0	4.259249847786258e-08
DP	8180.0	4.247803054255317e-08
DP	8190.0	4.236400952911238e-08
DP	8200.0	4.2250433150103715e-08
DP	8210.0	4.213729913256808e-08
DP	8220.0	4.202460521791475e-08
DP	8230.0	4.191234916181308e-08
DP	8240.0	4.180052873408544e-08
DP	8250.0	4.1689141718600795e-08
DP	8260.0	4.1578185913169405e-08
DP	8270.0	4.1467659129438385e-08
DP	8280.0	4.135755919278819e-08
DP	8290.0	4.124788394222992e-08
DP	8300.0	4.113863123030361e-08
DP	8310.0	4.102979892297739e-08
DP	8320.0	4.0921384899547444e-08
DP	8330.0	4.0813387052538897e-08
DP	8340.0	4.0705803287607576e-08
DP	8350.0	4.059863152344252e-08
DP	8360.0	4.049186969166946e-08
DP	8370.0	4.038551573675499e-08
DP	8380.0	4.0279567615911694e-08
DP	8390.0	4.017402329900397e-08
DP	8400.0	4.0068880768454774e-08
DP	8410.0	3.996413801915304e-08
DP	8420.0	3.9859793058362004e-08
DP	8430.0	3.9755843905628207e-08
DP	8440.0	3.96522885926914e-08
DP	8450.0	3.954912516339506e-08
DP	8460.0	3.9446351673597814e-08
DP	8470.0	3.934396619108552e-08
DP	8480.0	3.924196679548412e-08
DP	8490.0	3.9140351578173276e-08
DP	8500.0	3.9039118642200635e-08
DP	8510.0	3.893826610219694e-08
DP	8520.0	3.883779208429176e-08
DP	8530.0	3.873769472603e-08
DP	8540.0	3.863797217628905e-08
DP	8550.0	3.853862259519671e-08
DP	8560.0	3.843964415404971e-08
DP	8570.0	3.8341035035233e-08
DP	8580.0	3.8242793432139677e-08
DP	8590.0	3.814491754909159e-08
DP	8600.0	3.804740560126056e-08
DP	8610.0	3.795025581459039e-08
DP	8620.0	3.785346642571936e-08
DP	8630.0	3.77570356819035e-08
DP	8640.0	3.766096184094041e-08
DP	8650.0	3.756524317109382e-08
DP	8660.0	3.746987795101862e-08
DP	8670.0	3.7374864469686676e-08
DP	8680.0	3.728020102631316e-08
DP	8690.0	3.7185885930283533e-08
DP	8700.0	3.709191750108109e-08
DP	8710.0	3.699829406821515e-08
DP	8720.0	3.690501397114982e-08
DP	8730.0	3.681207555923334e-08
DP	8740.0	3.671947719162802e-08
DP	8750.0	3.6627217237240734e-08
DP	8760.0	3.653529407465402e-08
DP	8770.0	3.64437060920577e-08
DP	8780.0	3.6352451687181116e-08
DP	8790.0	3.626152926722585e-08
DP	8800.0	3.6170937248799083e-08
DP	8810.0	3.608067405784738e-08
DP	8820.0	3.599073812959116e-08
DP	8830.0	3.590112790845957e-08
DP	8840.0	3.581184184802595e-08
DP	8850.0	3.5722878410943854e-08
DP	8860.0	3.563423606888351e-08
DP	8870.0	3.554591330246883e-08
DP	8880.0	3.5457908601214996e-08
DP	8890.0	3.537022046346642e-08
DP	8900.0	3.528284739633535e-08
DP	8910.0	3.519578791564084e-08
DP	8920.0	3.5109040545848294e-08
DP	8930.0	3.50226038200095e-08
DP	8940.0	3.4936476279703086e-08
DP	8950.0	3.485065647497551e-08
DP	8960.0	3.476514296428249e-08
DP	8970.0	3.467993431443096e-08
DP	8980.0	3.4595029100521396e-08
DP	8990.0	3.4510425905890675e-08
DP	9000.0	3.44261233220554e-08
DP	9010.0	3.4342119948655625e-08
DP	9020.0	3.425841439339904e-08
DP	9030.0	3.417500527200567e-08
DP	9040.0	3.4091891208152894e-08
DP	9050.0	3.400907083342101e-08
DP	9060.0	3.3926542787239174e-08
DP	9070.0	3.3844305716831784e-08
DP	9080.0	3.376235827716531e-08
DP	9090.0	3.3680699130895465e-08
DP	9100.0	3.3599326948314913e-08
DP	9110.0	3.351824040730131e-08
DP	9120.0	3.3437438193265745e-08
DP	9130.0	3.335691899910165e-08
DP	9140.0	3.3276681525134065e-08
DP	9150.0	3.319672447906931e-08
DP	9160.0	3.3117046575945075e-08
DP	9170.0	3.303764653808086e-08
DP	9180.0	3.2958523095028826e-08
DP	9190.0	3.287967498352508e-08
DP	9200.0	3.2801100947441235e-08
DP	9210.0	3.2722799737736415e-08
DP	9220.0	3.264477011240966e-08
DP	9230.0	3.256701083645265e-08
DP	9240.0	3.24895206818028e-08
DP	9250.0	3.241229842729676e-08
DP	9260.0	3.233534285862423e-08
DP	9270.0	3.225865276828216e-08
DP	9280.0	3.218222695552932e-08
DP	9290.0	3.2106064226341177e-08
DP	9300.0	3.2030163393365157e-08
DP	9310.0	3.1954523275876236e-08
DP	9320.0	3.187914269973288e-08
DP	9330.0	3.180402049733334e-08
DP	9340.0	3.1729155507572244e-08
DP	9350.0	3.165454657579756e-08
DP	9360.0	3.158019255376789e-08
DP	9370.0	3.1506092299610046e-08
DP	9380.0	3.143224467777701e-08
DP	9390.0	3.1358648559006186e-08
DP	9400.0	3.1285302820277965e-08
DP	9410.0	3.121220634477464e-08
DP	9420.0	3.113935802183958e-08
DP	9430.0	3.1066756746936785e-08
DP	9440.0	3.099440142161068e-08
DP	9450.0	3.092229095344628e-08
DP	9460.0	3.085042425602959e-08
DP	9470.0	3.077880024890837e-08
DP	9480.0	3.0707417857553145e-08
DP	9490.0	3.063627601331857e-08
DP	9500.0	3.056537365340502e-08
DP	9510.0	3.0494709720820504e-08
DP	9520.0	3.042428316434289e-08
DP	9530.0	3.035409293848238e-08
DP	9540.0	3.028413800344426e-08
DP	9550.0	3.021441732509198e-08
DP	9560.0	3.0144929874910466e-08
DP	9570.0	3.0075674629969736e-08
DP	9580.0	3.000665057288874e-08
DP	9590.0	2.993785669179956e-08
DP	9600.0	2.986929198031179e-08
DP	9610.0	2.9800955437477253e-08
DP	9620.0	2.973284606775489e-08
DP	9630.0	2.9664962880976035e-08
DP	9640.0	2.959730489230984e-08
DP	9650.0	2.952987112222903e-08
DP	9660.0	2.9462660596475855e-08
DP	9670.0	2.9395672346028353e-08
DP	9680.0	2.9328905407066823e-08
DP	9690.0	2.926235882094055e-08
DP	9700.0	2.919603163413481e-08
DP	9710.0	2.912992289823808e-08
DP	9720.0	2.90640316699095e-08
DP	9730.0	2.899835701084661e-08
DP	9740.0	2.8932897987753266e-08
DP	9750.0	2.8867653672307844e-08
DP	9760.0	2.8802623141131662e-08
DP	9770.0	2.8737805475757604e-08
DP	9780.0	2.867319976259904e-08
DP	9790.0	2.860880509291891e-08
DP	9800.0	2.8544620562799074e-08
DP	9810.0	2.8480645273109874e-08
DP	9820.0	2.8416878329479908e-08
DP	9830.0	2.8353318842266056e-08
DP	9840.0	2.8289965926523683e-08
DP	9850.0	2.8226818701977113e-08
DP	9860.0	2.816387629299026e-08
DP	9870.0	2.8101137828537518e-08
DP	9880.0	2.8038602442174832e-08
DP	9890.0	2.7976269272011014e-08
DP	9900.0	2.7914137460679225e-08
DP	9910.0	2.7852206155308712e-08
DP	9920.0	2.77904745074967e-08
DP	9930.0	2.7728941673280527e-08
DP	9940.0	2.7667606813109953e-08
DP	9950.0	2.7606469091819705e-08
DP	9960.0	2.7545527678602165e-08
DP	9970.0	2.7484781746980318e-08
DP	9980.0	2.7424230474780855e-08
DP	9990.0	2.7363873044107456e-08
DP	10000.0	2.7303708641314337e-08
